MD,INC,AZI
39,0,0
40,0,0
50,0,0
60,0,0
70,0,0
80,0,0
90,0,0
100,0,0
110,0,0
120,0,0
130,0,0
140,0,0
150,0,0
160,0,0
170,0,0
180,0,0
190,0,0
200,0,0
210,0,0
220,0,0
230,0,0
240,0,0
250,0,0
260,0,0
270,0,0
280,0,0
290,0,0
300,0,0
310,0,0
320,0,0
330,0,0
340,0,0
350,0,0
360,0,0
370,0,0
380,0,0
390,0,0
400,0,0
410,0.1,302.5
420,0.2,302.5
430,0.3,302.5
440,0.4,302.5
450,0.5,302.5
460,0.6,302.5
470,0.7,302.5
480,0.8,302.5
490,0.9,302.5
500,1,302.5
510,1.1,302.5
520,1.2,302.5
530,1.3,302.5
540,1.4,302.5
550,1.5,302.5
560,1.67,302.5
570,1.85,302.5
580,2.02,302.5
590,2.2,302.5
600,2.37,302.5
610,2.55,302.5
620,2.72,302.5
630,2.9,302.5
640,3.07,302.5
650,3.25,302.5
660,3.43,302.5
670,3.6,302.5
680,3.78,302.5
690,3.95,302.5
700,4.13,302.5
710,4.3,302.5
720,4.48,302.5
730,4.65,302.5
740,4.83,302.5
750,5,302.5
760,5.18,302.5
770,5.35,302.5
780,5.53,302.5
790,5.7,302.5
800,5.88,302.5
810,6.05,302.5
820,6.23,302.5
830,6.4,302.5
840,6.58,302.5
850,6.75,302.5
860,6.93,302.5
870,7.1,302.5
880,7.28,302.5
890,7.45,302.5
900,7.63,302.5
910,7.8,302.5
920,7.98,302.5
930,8.15,302.5
940,8.33,302.5
950,8.5,302.5
960,8.68,302.5
970,8.85,302.5
980,9.03,302.5
990,9.2,302.5
1000,9.38,302.5
1010,9.55,302.5
1020,9.73,302.5
1030,9.9,302.5
1040,10.08,302.5
1050,10.25,302.5
1060,10.43,302.5
1070,10.6,302.5
1080,10.78,302.5
1090,10.95,302.5
1100,11.13,302.5
1110,11.3,302.5
1120,11.48,302.5
1130,11.65,302.5
1140,11.83,302.5
1150,12,302.5
1160,12.18,302.5
1170,12.35,302.5
1180,12.53,302.5
1190,12.7,302.5
1200,12.88,302.5
1210,13.05,302.5
1220,13.23,302.5
1230,13.4,302.5
1240,13.58,302.5
1250,13.75,302.5
1260,13.93,302.5
1270,14.1,302.5
1280,14.28,302.5
1290,14.45,302.5
1300,14.63,302.5
1310,14.8,302.5
1320,14.98,302.5
1330,15.15,302.5
1340,15.33,302.5
1350,15.5,302.5
1360,15.68,302.5
1370,15.85,302.5
1380,16.03,302.5
1390,16.2,302.5
1400,16.38,302.5
1410,16.55,302.5
1420,16.73,302.5
1430,16.9,302.5
1440,17.08,302.5
1450,17.25,302.5
1460,17.43,302.5
1470,17.6,302.5
1480,17.78,302.5
1490,17.95,302.5
1500,18.13,302.5
1510,18.3,302.5
1520,18.48,302.5
1530,18.65,302.5
1540,18.83,302.5
1550,19,302.5
1554.02,19.07,302.5
1560,19.07,302.5
1570,19.07,302.5
1580,19.07,302.5
1590,19.07,302.5
1600,19.07,302.5
1610,19.07,302.5
1620,19.07,302.5
1630,19.07,302.5
1640,19.07,302.5
1650,19.07,302.5
1659.82,19.07,302.5
1660,19.07,302.5
1670,19.35,302.5
1680,19.63,302.5
1690,19.9,302.5
1700,20.18,302.5
1710,20.45,302.5
1720,20.73,302.5
1730,21,302.5
1740,21.28,302.5
1750,21.55,302.5
1760,21.83,302.5
1770,22.1,302.5
1780,22.38,302.5
1790,22.65,302.5
1800,22.93,302.5
1810,23.2,302.5
1820,23.48,302.5
1830,23.75,302.5
1840,24.03,302.5
1850,24.3,302.5
1860,24.58,302.5
1870,24.85,302.5
1880,25.13,302.5
1890,25.4,302.5
1900,25.68,302.5
1910,25.95,302.5
1920,26.23,302.5
1930,26.5,302.5
1940,26.78,302.5
1950,27.05,302.5
1960,27.33,302.5
1970,27.6,302.5
1980,27.88,302.5
1990,28.15,302.5
2000,28.43,302.5
2010,28.7,302.5
2020,28.98,302.5
2030,29.25,302.5
2040,29.53,302.5
2050,29.8,302.5
2060,30.08,302.5
2070,30.35,302.5
2080,30.63,302.5
2090,30.9,302.5
2100,31.18,302.5
2110,31.45,302.5
2120,31.73,302.5
2130,32,302.5
2140,32.28,302.5
2150,32.55,302.5
2160,32.83,302.5
2170,33.1,302.5
2180,33.38,302.5
2190,33.65,302.5
2200,33.93,302.5
2210,34.2,302.5
2220,34.48,302.5
2230,34.75,302.5
2240,35.03,302.5
2250,35.3,302.5
2260,35.58,302.5
2270,35.85,302.5
2280,36.13,302.5
2290,36.4,302.5
2300,36.68,302.5
2310,36.95,302.5
2320,37.23,302.5
2330,37.5,302.5
2340,37.78,302.5
2350,38.05,302.5
2360,38.33,302.5
2370,38.6,302.5
2380,38.88,302.5
2390,39.15,302.5
2400,39.43,302.5
2410,39.7,302.5
2420,39.98,302.5
2430,40.25,302.5
2440,40.53,302.5
2450,40.8,302.5
2460,41.08,302.5
2470,41.35,302.5
2480,41.63,302.5
2490,41.9,302.5
2500,42.18,302.5
2510,42.45,302.5
2520,42.73,302.5
2530,43,302.5
2540,43.28,302.5
2550,43.55,302.5
2560,43.83,302.5
2570,44.1,302.5
2580,44.38,302.5
2590,44.65,302.5
2600,44.93,302.5
2610,45.2,302.5
2620,45.48,302.5
2621.88,45.53,302.5
2630,45.53,302.5
2640,45.53,302.5
2641.88,45.53,302.5
2650,45.81,302.5
2660,46.16,302.5
2670,46.51,302.5
2680,46.86,302.5
2690,47.21,302.5
2700,47.56,302.5
2710,47.91,302.5
2720,48.26,302.5
2730,48.61,302.51
2740,48.96,302.51
2750,49.31,302.51
2760,49.66,302.51
2770,50.01,302.51
2780,50.36,302.51
2790,50.71,302.51
2800,51.06,302.51
2810,51.41,302.51
2820,51.76,302.51
2830,52.11,302.51
2840,52.46,302.51
2850,52.81,302.51
2860,53.16,302.51
2870,53.51,302.51
2880,53.86,302.51
2890,54.21,302.51
2900,54.56,302.51
2910,54.91,302.52
2920,55.26,302.52
2930,55.61,302.52
2940,55.96,302.52
2950,56.31,302.52
2960,56.66,302.52
2970,57.01,302.52
2980,57.36,302.52
2990,57.71,302.52
3000,58.06,302.52
3010,58.41,302.52
3020,58.76,302.52
3030,59.11,302.52
3040,59.46,302.52
3050,59.81,302.52
3060,60.16,302.52
3070,60.51,302.52
3080,60.86,302.52
3090,61.21,302.52
3100,61.56,302.52
3110,61.91,302.52
3120,62.26,302.52
3130,62.61,302.53
3140,62.96,302.53
3150,63.31,302.53
3151.5,63.36,302.53
3160,63.36,302.53
3170,63.36,302.53
3180,63.36,302.53
3190,63.36,302.53
3200,63.36,302.53
3210,63.36,302.53
3220,63.36,302.53
3230,63.36,302.53
3240,63.36,302.53
3250,63.36,302.53
3260,63.36,302.53
3270,63.36,302.53
3280,63.36,302.53
3290,63.36,302.53
3300,63.36,302.53
3310,63.36,302.53
3320,63.36,302.53
3330,63.36,302.53
3340,63.36,302.53
3350,63.36,302.53
3360,63.36,302.53
3370,63.36,302.53
3380,63.36,302.53
3390,63.36,302.53
3400,63.36,302.53
3410,63.36,302.53
3420,63.36,302.53
3430,63.36,302.53
3440,63.36,302.53
3450,63.36,302.53
3460,63.36,302.53
3470,63.36,302.53
3480,63.36,302.53
3490,63.36,302.53
3500,63.36,302.53
3510,63.36,302.53
3520,63.36,302.53
3530,63.36,302.53
3540,63.36,302.53
3550,63.36,302.53
3560,63.36,302.53
3570,63.36,302.53
3580,63.36,302.53
3590,63.36,302.53
3600,63.36,302.53
3610,63.36,302.53
3620,63.36,302.53
3630,63.36,302.53
3640,63.36,302.53
3650,63.36,302.53
3660,63.36,302.53
3670,63.36,302.53
3680,63.36,302.53
3690,63.36,302.53
3700,63.36,302.53
3710,63.36,302.53
3720,63.36,302.53
3730,63.36,302.53
3740,63.36,302.53
3750,63.36,302.53
3760,63.36,302.53
3770,63.36,302.53
3780,63.36,302.53
3790,63.36,302.53
3800,63.36,302.53
3810,63.36,302.53
3820,63.36,302.53
3830,63.36,302.53
3840,63.36,302.53
3850,63.36,302.53
3860,63.36,302.53
3870,63.36,302.53
3880,63.36,302.53
3890,63.36,302.53
3900,63.36,302.53
3910,63.36,302.53
3920,63.36,302.53
3930,63.36,302.53
3940,63.36,302.53
3950,63.36,302.53
3960,63.36,302.53
3970,63.36,302.53
3980,63.36,302.53
3990,63.36,302.53
4000,63.36,302.53
4010,63.36,302.53
4020,63.36,302.53
4030,63.36,302.53
4040,63.36,302.53
4050,63.36,302.53
4060,63.36,302.53
4070,63.36,302.53
4080,63.36,302.53
4090,63.36,302.53
4100,63.36,302.53
4110,63.36,302.53
4120,63.36,302.53
4130,63.36,302.53
4140,63.36,302.53
4150,63.36,302.53
4160,63.36,302.53
4170,63.36,302.53
4180,63.36,302.53
4190,63.36,302.53
4200,63.36,302.53
4210,63.36,302.53
4220,63.36,302.53
4230,63.36,302.53
4240,63.36,302.53
4250,63.36,302.53
4260,63.36,302.53
4270,63.36,302.53
4280,63.36,302.53
4290,63.36,302.53
4300,63.36,302.53
4310,63.36,302.53
4320,63.36,302.53
4330,63.36,302.53
4340,63.36,302.53
4350,63.36,302.53
4360,63.36,302.53
4370,63.36,302.53
4380,63.36,302.53
4390,63.36,302.53
4400,63.36,302.53
4410,63.36,302.53
4420,63.36,302.53
4430,63.36,302.53
4440,63.36,302.53
4450,63.36,302.53
4460,63.36,302.53
4470,63.36,302.53
4480,63.36,302.53
4490,63.36,302.53
4500,63.36,302.53
4510,63.36,302.53
4520,63.36,302.53
4530,63.36,302.53
4540,63.36,302.53
4550,63.36,302.53
4560,63.36,302.53
4570,63.36,302.53
4580,63.36,302.53
4590,63.36,302.53
4600,63.36,302.53
4610,63.36,302.53
4620,63.36,302.53
4630,63.36,302.53
4640,63.36,302.53
4650,63.36,302.53
4660,63.36,302.53
4670,63.36,302.53
4680,63.36,302.53
4690,63.36,302.53
4700,63.36,302.53
4710,63.36,302.53
4720,63.36,302.53
4730,63.36,302.53
4740,63.36,302.53
4750,63.36,302.53
4760,63.36,302.53
4770,63.36,302.53
4780,63.36,302.53
4790,63.36,302.53
4800,63.36,302.53
4810,63.36,302.53
4820,63.36,302.53
4830,63.36,302.53
4840,63.36,302.53
4850,63.36,302.53
4860,63.36,302.53
4870,63.36,302.53
4880,63.36,302.53
4890,63.36,302.53
4900,63.36,302.53
4910,63.36,302.53
4920,63.36,302.53
4930,63.36,302.53
4940,63.36,302.53
4950,63.36,302.53
4960,63.36,302.53
4970,63.36,302.53
4980,63.36,302.53
4990,63.36,302.53
5000,63.36,302.53
5010,63.36,302.53
5020,63.36,302.53
5030,63.36,302.53
5040,63.36,302.53
5050,63.36,302.53
5060,63.36,302.53
5070,63.36,302.53
5080,63.36,302.53
5090,63.36,302.53
5100,63.36,302.53
5110,63.36,302.53
5120,63.36,302.53
5130,63.36,302.53
5140,63.36,302.53
5150,63.36,302.53
5160,63.36,302.53
5170,63.36,302.53
5180,63.36,302.53
5190,63.36,302.53
5200,63.36,302.53
5210,63.36,302.53
5220,63.36,302.53
5230,63.36,302.53
5240,63.36,302.53
5250,63.36,302.53
5260,63.36,302.53
5270,63.36,302.53
5280,63.36,302.53
5290,63.36,302.53
5300,63.36,302.53
5310,63.36,302.53
5320,63.36,302.53
5330,63.36,302.53
5340,63.36,302.53
5350,63.36,302.53
5360,63.36,302.53
5370,63.36,302.53
5380,63.36,302.53
5390,63.36,302.53
5400,63.36,302.53
5410,63.36,302.53
5420,63.36,302.53
5430,63.36,302.53
5440,63.36,302.53
5450,63.36,302.53
5460,63.36,302.53
5470,63.36,302.53
5480,63.36,302.53
5490,63.36,302.53
5500,63.36,302.53
5510,63.36,302.53
5520,63.36,302.53
5530,63.36,302.53
5540,63.36,302.53
5550,63.36,302.53
5560,63.36,302.53
5570,63.36,302.53
5580,63.36,302.53
5590,63.36,302.53
5600,63.36,302.53
5610,63.36,302.53
5620,63.36,302.53
5630,63.36,302.53
5640,63.36,302.53
5650,63.36,302.53
5660,63.36,302.53
5670,63.36,302.53
5680,63.36,302.53
5690,63.36,302.53
5700,63.36,302.53
5710,63.36,302.53
5720,63.36,302.53
5730,63.36,302.53
5740,63.36,302.53
5750,63.36,302.53
5760,63.36,302.53
5770,63.36,302.53
5780,63.36,302.53
5790,63.36,302.53
5800,63.36,302.53
5810,63.36,302.53
5820,63.36,302.53
5830,63.36,302.53
5840,63.36,302.53
5850,63.36,302.53
5860,63.36,302.53
5870,63.36,302.53
5880,63.36,302.53
5890,63.36,302.53
5900,63.36,302.53
5910,63.36,302.53
5920,63.36,302.53
5930,63.36,302.53
5940,63.36,302.53
5950,63.36,302.53
5960,63.36,302.53
5970,63.36,302.53
5980,63.36,302.53
5990,63.36,302.53
6000,63.36,302.53
6010,63.36,302.53
6020,63.36,302.53
6030,63.36,302.53
6040,63.36,302.53
6050,63.36,302.53
6060,63.36,302.53
6070,63.36,302.53
6080,63.36,302.53
6090,63.36,302.53
6100,63.36,302.53
6110,63.36,302.53
6120,63.36,302.53
6130,63.36,302.53
6140,63.36,302.53
6150,63.36,302.53
6160,63.36,302.53
6170,63.36,302.53
6180,63.36,302.53
6190,63.36,302.53
6200,63.36,302.53
6210,63.36,302.53
6220,63.36,302.53
6230,63.36,302.53
6240,63.36,302.53
6250,63.36,302.53
6260,63.36,302.53
6270,63.36,302.53
6280,63.36,302.53
6290,63.36,302.53
6300,63.36,302.53
6310,63.36,302.53
6320,63.36,302.53
6330,63.36,302.53
6340,63.36,302.53
6350,63.36,302.53
6360,63.36,302.53
6370,63.36,302.53
6380,63.36,302.53
6390,63.36,302.53
6400,63.36,302.53
6410,63.36,302.53
6420,63.36,302.53
6430,63.36,302.53
6440,63.36,302.53
6450,63.36,302.53
6460,63.36,302.53
6470,63.36,302.53
6480,63.36,302.53
6490,63.36,302.53
6500,63.36,302.53
6510,63.36,302.53
6520,63.36,302.53
6530,63.36,302.53
6540,63.36,302.53
6550,63.36,302.53
6560,63.36,302.53
6570,63.36,302.53
6580,63.36,302.53
6590,63.36,302.53
6600,63.36,302.53
6610,63.36,302.53
6620,63.36,302.53
6630,63.36,302.53
6640,63.36,302.53
6650,63.36,302.53
6660,63.36,302.53
6670,63.36,302.53
6680,63.36,302.53
6690,63.36,302.53
6700,63.36,302.53
6710,63.36,302.53
6720,63.36,302.53
6730,63.36,302.53
6740,63.36,302.53
6750,63.36,302.53
6760,63.36,302.53
6770,63.36,302.53
6780,63.36,302.53
6790,63.36,302.53
6800,63.36,302.53
6810,63.36,302.53
6820,63.36,302.53
6830,63.36,302.53
6840,63.36,302.53
6850,63.36,302.53
6860,63.36,302.53
6870,63.36,302.53
6880,63.36,302.53
6890,63.36,302.53
6900,63.36,302.53
6910,63.36,302.53
6920,63.36,302.53
6930,63.36,302.53
6940,63.36,302.53
6950,63.36,302.53
6960,63.36,302.53
6970,63.36,302.53
6980,63.36,302.53
6990,63.36,302.53
7000,63.36,302.53
7010,63.36,302.53
7020,63.36,302.53
7030,63.36,302.53
7040,63.36,302.53
7050,63.36,302.53
7060,63.36,302.53
7070,63.36,302.53
7080,63.36,302.53
7090,63.36,302.53
7100,63.36,302.53
7110,63.36,302.53
7120,63.36,302.53
7130,63.36,302.53
7140,63.36,302.53
7150,63.36,302.53
7160,63.36,302.53
7170,63.36,302.53
7180,63.36,302.53
7190,63.36,302.53
7200,63.36,302.53
7210,63.36,302.53
7220,63.36,302.53
7230,63.36,302.53
7240,63.36,302.53
7250,63.36,302.53
7260,63.36,302.53
7270,63.36,302.53
7280,63.36,302.53
7290,63.36,302.53
7300,63.36,302.53
7310,63.36,302.53
7320,63.36,302.53
7330,63.36,302.53
7340,63.36,302.53
7350,63.36,302.53
7360,63.36,302.53
7370,63.36,302.53
7380,63.36,302.53
7390,63.36,302.53
7400,63.36,302.53
7410,63.36,302.53
7420,63.36,302.53
7430,63.36,302.53
7440,63.36,302.53
7450,63.36,302.53
7460,63.36,302.53
7470,63.36,302.53
7479.65,63.36,302.53
7480,63.37,302.54
7490,63.42,302.93
7500,63.48,303.31
7510,63.54,303.7
7520,63.59,304.08
7530,63.65,304.47
7540,63.72,304.85
7550,63.78,305.24
7560,63.84,305.62
7570,63.9,306
7580,63.97,306.39
7590,64.04,306.77
7600,64.1,307.15
7610,64.17,307.53
7620,64.24,307.91
7630,64.31,308.29
7640,64.38,308.67
7650,64.45,309.05
7660,64.53,309.43
7670,64.6,309.81
7680,64.67,310.19
7690,64.75,310.57
7700,64.83,310.95
7710,64.9,311.32
7720,64.98,311.7
7730,65.06,312.08
7740,65.14,312.45
7750,65.22,312.83
7760,65.31,313.2
7770,65.39,313.57
7780,65.48,313.95
7790,65.56,314.32
7800,65.65,314.69
7810,65.73,315.07
7820,65.82,315.44
7830,65.91,315.81
7840,66,316.18
7850,66.09,316.55
7860,66.18,316.92
7870,66.27,317.29
7880,66.37,317.65
7890,66.46,318.02
7900,66.56,318.39
7910,66.65,318.76
7920,66.75,319.12
7930,66.85,319.49
7940,66.95,319.85
7950,67.04,320.22
7960,67.14,320.58
7970,67.25,320.95
7980,67.35,321.31
7990,67.45,321.67
8000,67.55,322.03
8010,67.66,322.39
8020,67.76,322.76
8030,67.87,323.12
8040,67.97,323.48
8050,68.08,323.83
8060,68.19,324.19
8070,68.3,324.55
8080,68.41,324.91
8090,68.52,325.27
8100,68.63,325.62
8110,68.74,325.98
8120,68.85,326.33
8130,68.97,326.69
8140,69.08,327.04
8150,69.2,327.4
8160,69.31,327.75
8170,69.43,328.1
8180,69.55,328.46
8190,69.66,328.81
8200,69.78,329.16
8210,69.9,329.51
8220,70.02,329.86
8230,70.14,330.21
8240,70.26,330.56
8250,70.38,330.91
8260,70.51,331.25
8270,70.63,331.6
8280,70.75,331.95
8290,70.88,332.29
8300,71,332.64
8310,71.13,332.99
8320,71.26,333.33
8330,71.38,333.67
8340,71.51,334.02
8350,71.64,334.36
8360,71.77,334.7
8370,71.9,335.05
8380,72.03,335.39
8390,72.16,335.73
8400,72.29,336.07
8410,72.42,336.41
8420,72.55,336.75
8430,72.69,337.09
8440,72.82,337.43
8450,72.96,337.77
8460,73.09,338.1
8470,73.23,338.44
8480,73.36,338.78
8490,73.5,339.11
8500,73.63,339.45
8510,73.77,339.79
8520,73.91,340.12
8530,74.05,340.45
8540,74.19,340.79
8550,74.33,341.12
8560,74.47,341.45
8570,74.61,341.79
8580,74.75,342.12
8590,74.89,342.45
8600,75.03,342.78
8610,75.17,343.11
8620,75.32,343.44
8630,75.46,343.77
8640,75.61,344.1
8650,75.75,344.43
8660,75.89,344.76
8667.28,76,345
8670,76.08,345
8680,76.38,345
8690,76.68,345
8700,76.98,345
8710,77.28,345
8720,77.58,345
8730,77.88,345
8740,78.18,345
8750,78.48,345
8760,78.78,345
8770,79.08,345
8780,79.38,345
8790,79.68,345
8800,79.98,345
8810,80.28,345
8820,80.58,345
8830,80.88,345
8840,81.18,345
8850,81.48,345
8860,81.78,345
8870,82.08,345
8880,82.38,345
8890,82.68,345
8900,82.98,345
8910,83.28,345
8920,83.58,345
8930,83.88,345
8940,84.18,345
8950,84.48,345
8960,84.78,345
8970,85.08,345
8980,85.38,345
8990,85.68,345
9000,85.98,345
9010,86.28,345
9020,86.58,345
9030,86.88,345
9040,87.18,345
9050,87.48,345
9060,87.78,345
9067.28,88,345
9070,88.03,345.03
9080,88.15,345.12
9090,88.27,345.21
9100,88.39,345.3
9110,88.5,345.39
9120,88.62,345.49
9130,88.74,345.58
9140,88.86,345.67
9150,88.98,345.76
9160,89.1,345.86
9170,89.21,345.95
9180,89.33,346.04
9190,89.45,346.13
9200,89.57,346.23
9202.28,89.6,346.25
9210,89.48,346.27
9220,89.34,346.3
9230,89.19,346.33
9238.26,89.07,346.36
9240,89.07,346.36
9250,89.07,346.36
9260,89.07,346.36
9270,89.07,346.36
9280,89.07,346.36
9290,89.07,346.36
9300,89.07,346.36
9310,89.07,346.36
9320,89.07,346.36
9330,89.07,346.36
9340,89.07,346.36
9350,89.07,346.36
9360,89.07,346.36
9370,89.07,346.36
9380,89.07,346.36
9390,89.07,346.36
9400,89.07,346.36
9410,89.07,346.36
9420,89.07,346.36
9430,89.07,346.36
9440,89.07,346.36
9450,89.07,346.36
9460,89.07,346.36
9470,89.07,346.36
9480,89.07,346.36
9490,89.07,346.36
9500,89.07,346.36
9510,89.07,346.36
9520,89.07,346.36
9530,89.07,346.36
9540,89.07,346.36
9550,89.07,346.36
9560,89.07,346.36
9570,89.07,346.36
9580,89.07,346.36
9590,89.07,346.36
9600,89.07,346.36
9610,89.07,346.36
9620,89.07,346.36
9630,89.07,346.36
9640,89.07,346.36
9650,89.07,346.36
9660,89.07,346.36
9670,89.07,346.36
9680,89.07,346.36
9690,89.07,346.36
9700,89.07,346.36
9710,89.07,346.36
9720,89.07,346.36
9730,89.07,346.36
9740,89.07,346.36
9750,89.07,346.36
9760,89.07,346.36
9770,89.07,346.36
9780,89.07,346.36
9790,89.07,346.36
9800,89.07,346.36
9810,89.07,346.36
9820,89.07,346.36
9830,89.07,346.36
9840,89.07,346.36
9850,89.07,346.36
9860,89.07,346.36
9870,89.07,346.36
9880,89.07,346.36
9890,89.07,346.36
9900,89.07,346.36
9910,89.07,346.36
9920,89.07,346.36
9930,89.07,346.36
9940,89.07,346.36
9950,89.07,346.36
9960,89.07,346.36
9970,89.07,346.36
9980,89.07,346.36
9990,89.07,346.36
10000,89.07,346.36
10010,89.07,346.36
10020,89.07,346.36
10030,89.07,346.36
10040,89.07,346.36
10050,89.07,346.36
10060,89.07,346.36
10070,89.07,346.36
10080,89.07,346.36
10090,89.07,346.36
10100,89.07,346.36
10110,89.07,346.36
10120,89.07,346.36
10130,89.07,346.36
10140,89.07,346.36
10150,89.07,346.36
10160,89.07,346.36
10170,89.07,346.36
10180,89.07,346.36
10190,89.07,346.36
10200,89.07,346.36
10210,89.07,346.36
10220,89.07,346.36
10230,89.07,346.36
10240,89.07,346.36
10250,89.07,346.36
10260,89.07,346.36
10270,89.07,346.36
10280,89.07,346.36
10290,89.07,346.36
10300,89.07,346.36
10310,89.07,346.36
10320,89.07,346.36
10330,89.07,346.36
10340,89.07,346.36
10350,89.07,346.36
10360,89.07,346.36
10370,89.07,346.36
10380,89.07,346.36
10390,89.07,346.36
10400,89.07,346.36
10410,89.07,346.36
10420,89.07,346.36
10430,89.07,346.36
10440,89.07,346.36
10450,89.07,346.36
10460,89.07,346.36
10470,89.07,346.36
10480,89.07,346.36
10490,89.07,346.36
10500,89.07,346.36
10510,89.07,346.36
10520,89.07,346.36
10530,89.07,346.36
10540,89.07,346.36
10550,89.07,346.36
10560,89.07,346.36
10570,89.07,346.36
10580,89.07,346.36
10590,89.07,346.36
10600,89.07,346.36
10610,89.07,346.36
10620,89.07,346.36
10630,89.07,346.36
10640,89.07,346.36
10650,89.07,346.36
10660,89.07,346.36
10670,89.07,346.36
10680,89.07,346.36
10690,89.07,346.36
10700,89.07,346.36
10710,89.07,346.36
10720,89.07,346.36
10730,89.07,346.36
10740,89.07,346.36
10750,89.07,346.36
10760,89.07,346.36
10770,89.07,346.36
10780,89.07,346.36
10790,89.07,346.36
10800,89.07,346.36
10810,89.07,346.36
10820,89.07,346.36
10830,89.07,346.36
10840,89.07,346.36
10850,89.07,346.36
10860,89.07,346.36
10870,89.07,346.36
10880,89.07,346.36
10890,89.07,346.36
10900,89.07,346.36
10910,89.07,346.36
10920,89.07,346.36
10930,89.07,346.36
10940,89.07,346.36
10950,89.07,346.36
10960,89.07,346.36
10970,89.07,346.36
10980,89.07,346.36
10990,89.07,346.36
11000,89.07,346.36
11010,89.07,346.36
11020,89.07,346.36
11030,89.07,346.36
11040,89.07,346.36
11050,89.07,346.36
11060,89.07,346.36
11070,89.07,346.36
11080,89.07,346.36
11090,89.07,346.36
11100,89.07,346.36
11110,89.07,346.36
11120,89.07,346.36
11130,89.07,346.36
11140,89.07,346.36
11150,89.07,346.36
11160,89.07,346.36
11170,89.07,346.36
11180,89.07,346.36
11190,89.07,346.36
11200,89.07,346.36
11210,89.07,346.36
11220,89.07,346.36
11230,89.07,346.36
11240,89.07,346.36
11250,89.07,346.36
11260,89.07,346.36
11270,89.07,346.36
11280,89.07,346.36
11290,89.07,346.36
11300,89.07,346.36
11310,89.07,346.36
11320,89.07,346.36
11330,89.07,346.36
11340,89.07,346.36
11350,89.07,346.36
11360,89.07,346.36
11370,89.07,346.36
11380,89.07,346.36
11390,89.07,346.36
11400,89.07,346.36
11410,89.07,346.36
11420,89.07,346.36
11430,89.07,346.36
11440,89.07,346.36
11450,89.07,346.36
11460,89.07,346.36
11470,89.07,346.36
11480,89.07,346.36
11490,89.07,346.36
11500,89.07,346.36
11510,89.07,346.36
11520,89.07,346.36
11530,89.07,346.36
11540,89.07,346.36
11550,89.07,346.36
11560,89.07,346.36
11570,89.07,346.36
11580,89.07,346.36
11590,89.07,346.36
11600,89.07,346.36
11610,89.07,346.36
11620,89.07,346.36
11630,89.07,346.36
11640,89.07,346.36
11650,89.07,346.36
11660,89.07,346.36
11670,89.07,346.36
11680,89.07,346.36
11690,89.07,346.36
11700,89.07,346.36
11710,89.07,346.36
11720,89.07,346.36
11730,89.07,346.36
11740,89.07,346.36
11750,89.07,346.36
11760,89.07,346.36
11770,89.07,346.36
11780,89.07,346.36
11790,89.07,346.36
11800,89.07,346.36
11810,89.07,346.36
11820,89.07,346.36
11830,89.07,346.36
11840,89.07,346.36
11850,89.07,346.36
11860,89.07,346.36
11870,89.07,346.36
11880,89.07,346.36
11890,89.07,346.36
11900,89.07,346.36
11910,89.07,346.36
11920,89.07,346.36
11930,89.07,346.36
11940,89.07,346.36
11950,89.07,346.36
11960,89.07,346.36
11970,89.07,346.36
11980,89.07,346.36
11990,89.07,346.36
12000,89.07,346.36
12010,89.07,346.36
12020,89.07,346.36
12030,89.07,346.36
12040,89.07,346.36
12050,89.07,346.36
12060,89.07,346.36
12070,89.07,346.36
12080,89.07,346.36
12090,89.07,346.36
12100,89.07,346.36
12110,89.07,346.36
12120,89.07,346.36
12130,89.07,346.36
12140,89.07,346.36
12150,89.07,346.36
12160,89.07,346.36
12170,89.07,346.36
12180,89.07,346.36
12190,89.07,346.36
12200,89.07,346.36
12210,89.07,346.36
12220,89.07,346.36
12230,89.07,346.36
12240,89.07,346.36
12250,89.07,346.36
12260,89.07,346.36
12260.11,89.07,346.36
12270,89.17,346.36
12280,89.27,346.36
12290,89.37,346.37
12300,89.47,346.37
12303.43,89.5,346.37
12310,89.57,346.37
12320,89.67,346.38
12330,89.77,346.38
12340,89.87,346.39
12342.76,89.89,346.39
12350,89.89,346.39
12360,89.89,346.39
12370,89.89,346.39
12380,89.89,346.39
12390,89.89,346.39
12400,89.89,346.39
12410,89.89,346.39
12420,89.89,346.39
12430,89.89,346.39
12440,89.89,346.39
12450,89.89,346.39
12460,89.89,346.39
12470,89.89,346.39
12480,89.89,346.39
12490,89.89,346.39
12500,89.89,346.39
12510,89.89,346.39
12520,89.89,346.39
12530,89.89,346.39
12540,89.89,346.39
12550,89.89,346.39
12560,89.89,346.39
12570,89.89,346.39
12580,89.89,346.39
12590,89.89,346.39
12600,89.89,346.39
12610,89.89,346.39
12620,89.89,346.39
12630,89.89,346.39
12640,89.89,346.39
12650,89.89,346.39
12660,89.89,346.39
12670,89.89,346.39
12680,89.89,346.39
12690,89.89,346.39
12700,89.89,346.39
12710,89.89,346.39
12720,89.89,346.39
12730,89.89,346.39
12740,89.89,346.39
12750,89.89,346.39
12760,89.89,346.39
12770,89.89,346.39
12780,89.89,346.39
12790,89.89,346.39
12800,89.89,346.39
12810,89.89,346.39
12820,89.89,346.39
12830,89.89,346.39
12840,89.89,346.39
12850,89.89,346.39
12860,89.89,346.39
12870,89.89,346.39
12880,89.89,346.39
12890,89.89,346.39
12900,89.89,346.39
12910,89.89,346.39
12920,89.89,346.39
12930,89.89,346.39
12940,89.89,346.39
12950,89.89,346.39
12960,89.89,346.39
12970,89.89,346.39
12980,89.89,346.39
12990,89.89,346.39
13000,89.89,346.39
13010,89.89,346.39
13020,89.89,346.39
13030,89.89,346.39
13040,89.89,346.39
13050,89.89,346.39
13060,89.89,346.39
13070,89.89,346.39
13080,89.89,346.39
13090,89.89,346.39
13100,89.89,346.39
13110,89.89,346.39
13120,89.89,346.39
13130,89.89,346.39
13140,89.89,346.39
13150,89.89,346.39
13160,89.89,346.39
13170,89.89,346.39
13180,89.89,346.39
13190,89.89,346.39
13200,89.89,346.39
13210,89.89,346.39
13220,89.89,346.39
13230,89.89,346.39
13240,89.89,346.39
13250,89.89,346.39
13260,89.89,346.39
13270,89.89,346.39
13280,89.89,346.39
13290,89.89,346.39
13300,89.89,346.39
13310,89.89,346.39
13320,89.89,346.39
13330,89.89,346.39
13340,89.89,346.39
13350,89.89,346.39
13360,89.89,346.39
13370,89.89,346.39
13380,89.89,346.39
13390,89.89,346.39
13400,89.89,346.39
13410,89.89,346.39
13420,89.89,346.39
13430,89.89,346.39
13440,89.89,346.39
13450,89.89,346.39
13460,89.89,346.39
13470,89.89,346.39
13480,89.89,346.39
13490,89.89,346.39
13500,89.89,346.39
13510,89.89,346.39
13520,89.89,346.39
13530,89.89,346.39
13540,89.89,346.39
13550,89.89,346.39
13560,89.89,346.39
13570,89.89,346.39
13580,89.89,346.39
13590,89.89,346.39
13600,89.89,346.39
13610,89.89,346.39
13620,89.89,346.39
13630,89.89,346.39
13640,89.89,346.39
13650,89.89,346.39
13660,89.89,346.39
13670,89.89,346.39
13680,89.89,346.39
13690,89.89,346.39
13700,89.89,346.39
13710,89.89,346.39
13720,89.89,346.39
13730,89.89,346.39
13740,89.89,346.39
13750,89.89,346.39
13760,89.89,346.39
13770,89.89,346.39
13780,89.89,346.39
13790,89.89,346.39
13800,89.89,346.39
13810,89.89,346.39
13820,89.89,346.39
13830,89.89,346.39
13840,89.89,346.39
13850,89.89,346.39
13860,89.89,346.39
13870,89.89,346.39
13880,89.89,346.39
13890,89.89,346.39
13900,89.89,346.39
13910,89.89,346.39
13920,89.89,346.39
13930,89.89,346.39
13940,89.89,346.39
13950,89.89,346.39
13960,89.89,346.39
13970,89.89,346.39
13980,89.89,346.39
13990,89.89,346.39
14000,89.89,346.39
14010,89.89,346.39
14020,89.89,346.39
14030,89.89,346.39
14040,89.89,346.39
14050,89.89,346.39
14060,89.89,346.39
14070,89.89,346.39
14080,89.89,346.39
14090,89.89,346.39
14100,89.89,346.39
14110,89.89,346.39
14120,89.89,346.39
14130,89.89,346.39
14140,89.89,346.39
14150,89.89,346.39
14160,89.89,346.39
14170,89.89,346.39
14180,89.89,346.39
14190,89.89,346.39
14200,89.89,346.39
14210,89.89,346.39
14220,89.89,346.39
14230,89.89,346.39
14240,89.89,346.39
14250,89.89,346.39
14260,89.89,346.39
14270,89.89,346.39
14280,89.89,346.39
14290,89.89,346.39
14300,89.89,346.39
14310,89.89,346.39
14320,89.89,346.39
14330,89.89,346.39
14340,89.89,346.39
14350,89.89,346.39
14360,89.89,346.39
14370,89.89,346.39
14380,89.89,346.39
14390,89.89,346.39
14400,89.89,346.39
14410,89.89,346.39
14420,89.89,346.39
14430,89.89,346.39
14440,89.89,346.39
14450,89.89,346.39
14460,89.89,346.39
14470,89.89,346.39
14480,89.89,346.39
14490,89.89,346.39
14500,89.89,346.39
14510,89.89,346.39
14520,89.89,346.39
14530,89.89,346.39
14540,89.89,346.39
14550,89.89,346.39
14560,89.89,346.39
14570,89.89,346.39
14580,89.89,346.39
14590,89.89,346.39
14600,89.89,346.39
14610,89.89,346.39
14620,89.89,346.39
14630,89.89,346.39
14640,89.89,346.39
14650,89.89,346.39
14660,89.89,346.39
14670,89.89,346.39
14680,89.89,346.39
14690,89.89,346.39
14700,89.89,346.39
14710,89.89,346.39
14720,89.89,346.39
14730,89.89,346.39
14740,89.89,346.39
14750,89.89,346.39
14760,89.89,346.39
14770,89.89,346.39
14780,89.89,346.39
14790,89.89,346.39
14800,89.89,346.39
14810,89.89,346.39
14820,89.89,346.39
14830,89.89,346.39
14840,89.89,346.39
14850,89.89,346.39
14860,89.89,346.39
14870,89.89,346.39
14880,89.89,346.39
14890,89.89,346.39
14900,89.89,346.39
14910,89.89,346.39
14920,89.89,346.39
14930,89.89,346.39
14940,89.89,346.39
14950,89.89,346.39
14960,89.89,346.39
14970,89.89,346.39
14980,89.89,346.39
14990,89.89,346.39
15000,89.89,346.39
15010,89.89,346.39
15020,89.89,346.39
15030,89.89,346.39
15040,89.89,346.39
15050,89.89,346.39
15060,89.89,346.39
15070,89.89,346.39
15080,89.89,346.39
15090,89.89,346.39
15100,89.89,346.39
15110,89.89,346.39
15120,89.89,346.39
15130,89.89,346.39
15140,89.89,346.39
15150,89.89,346.39
15160,89.89,346.39
15170,89.89,346.39
15180,89.89,346.39
15190,89.89,346.39
15200,89.89,346.39
15210,89.89,346.39
15220,89.89,346.39
15230,89.89,346.39
15240,89.89,346.39
15250,89.89,346.39
15260,89.89,346.39
15270,89.89,346.39
15280,89.89,346.39
15290,89.89,346.39
15300,89.89,346.39
15310,89.89,346.39
15320,89.89,346.39
15330,89.89,346.39
15340,89.89,346.39
15350,89.89,346.39
15360,89.89,346.39
15370,89.89,346.39
15380,89.89,346.39
15390,89.89,346.39
15400,89.89,346.39
15410,89.89,346.39
15420,89.89,346.39
15430,89.89,346.39
15440,89.89,346.39
15450,89.89,346.39
15460,89.89,346.39
15470,89.89,346.39
15480,89.89,346.39
15490,89.89,346.39
15500,89.89,346.39
15510,89.89,346.39
15520,89.89,346.39
15530,89.89,346.39
15540,89.89,346.39
15550,89.89,346.39
15560,89.89,346.39
15570,89.89,346.39
15580,89.89,346.39
15590,89.89,346.39
15600,89.89,346.39
15610,89.89,346.39
15620,89.89,346.39
15630,89.89,346.39
15640,89.89,346.39
15650,89.89,346.39
15660,89.89,346.39
15670,89.89,346.39
15680,89.89,346.39
15690,89.89,346.39
15700,89.89,346.39
15710,89.89,346.39
15720,89.89,346.39
15730,89.89,346.39
15740,89.89,346.39
15750,89.89,346.39
15760,89.89,346.39
15770,89.89,346.39
15780,89.89,346.39
15790,89.89,346.39
15800,89.89,346.39
15810,89.89,346.39
15820,89.89,346.39
15830,89.89,346.39
15840,89.89,346.39
15850,89.89,346.39
15860,89.89,346.39
15870,89.89,346.39
15880,89.89,346.39
15890,89.89,346.39
15900,89.89,346.39
15910,89.89,346.39
15920,89.89,346.39
15930,89.89,346.39
15940,89.89,346.39
15950,89.89,346.39
15960,89.89,346.39
15970,89.89,346.39
15980,89.89,346.39
15990,89.89,346.39
16000,89.89,346.39
16010,89.89,346.39
16020,89.89,346.39
16030,89.89,346.39
16040,89.89,346.39
16050,89.89,346.39
16060,89.89,346.39
16070,89.89,346.39
16080,89.89,346.39
16090,89.89,346.39
16100,89.89,346.39
16110,89.89,346.39
16120,89.89,346.39
16130,89.89,346.39
16140,89.89,346.39
16150,89.89,346.39
16160,89.89,346.39
16170,89.89,346.39
16180,89.89,346.39
16190,89.89,346.39
16200,89.89,346.39
16210,89.89,346.39
16220,89.89,346.39
16230,89.89,346.39
16240,89.89,346.39
16250,89.89,346.39
16260,89.89,346.39
16270,89.89,346.39
16280,89.89,346.39
16290,89.89,346.39
16300,89.89,346.39
16310,89.89,346.39
16320,89.89,346.39
16330,89.89,346.39
16340,89.89,346.39
16350,89.89,346.39
16360,89.89,346.39
16370,89.89,346.39
16380,89.89,346.39
16390,89.89,346.39
16400,89.89,346.39
16410,89.89,346.39
16420,89.89,346.39
16430,89.89,346.39
16440,89.89,346.39
16450,89.89,346.39
16460,89.89,346.39
16470,89.89,346.39
16480,89.89,346.39
16490,89.89,346.39
16500,89.89,346.39
16510,89.89,346.39
16520,89.89,346.39
16530,89.89,346.39
16540,89.89,346.39
16550,89.89,346.39
16560,89.89,346.39
16570,89.89,346.39
16580,89.89,346.39
16590,89.89,346.39
16600,89.89,346.39
16610,89.89,346.39
16620,89.89,346.39
16630,89.89,346.39
16640,89.89,346.39
16650,89.89,346.39
16660,89.89,346.39
16670,89.89,346.39
16680,89.89,346.39
16690,89.89,346.39
16700,89.89,346.39
16710,89.89,346.39
16720,89.89,346.39
16730,89.89,346.39
16740,89.89,346.39
16750,89.89,346.39
16760,89.89,346.39
16770,89.89,346.39
16780,89.89,346.39
16790,89.89,346.39
16800,89.89,346.39
16810,89.89,346.39
16820,89.89,346.39
16830,89.89,346.39
16840,89.89,346.39
16850,89.89,346.39
16860,89.89,346.39
16870,89.89,346.39
16880,89.89,346.39
16890,89.89,346.39
16900,89.89,346.39
16910,89.89,346.39
16920,89.89,346.39
16930,89.89,346.39
16940,89.89,346.39
16950,89.89,346.39
16960,89.89,346.39
16970,89.89,346.39
16980,89.89,346.39
16990,89.89,346.39
17000,89.89,346.39
17010,89.89,346.39
17020,89.89,346.39
17030,89.89,346.39
17040,89.89,346.39
17040.09,89.89,346.39
17047.26,90,346.4
17050,90.04,346.4
17060,90.19,346.41
17070,90.34,346.41
17080,90.49,346.42
17090,90.64,346.42
17100,90.79,346.43
17110,90.94,346.43
17120,91.09,346.44
17130,91.24,346.45
17140,91.39,346.45
17150,91.54,346.46
17160,91.69,346.46
17170,91.84,346.47
17180,91.99,346.47
17190,92.14,346.48
17200,92.29,346.48
17210,92.44,346.49
17220,92.59,346.5
17230,92.74,346.5
17240,92.89,346.51
17250,93.04,346.51
17260,93.19,346.52
17270,93.34,346.52
17280,93.49,346.53
17290,93.64,346.54
17300,93.79,346.54
17310,93.94,346.55
17312.36,93.97,346.55
17320,93.97,346.55
17330,93.97,346.55
17340,93.97,346.55
17350,93.97,346.55
17360,93.97,346.55
17370,93.97,346.55
17380,93.97,346.55
17390,93.97,346.55
17400,93.97,346.55
17410,93.97,346.55
17420,93.97,346.55
17430,93.97,346.55
17440,93.97,346.55
17450,93.97,346.55
17460,93.97,346.55
17470,93.97,346.55
17480,93.97,346.55
17490,93.97,346.55
17500,93.97,346.55
17510,93.97,346.55
17520,93.97,346.55
17530,93.97,346.55
17540,93.97,346.55
17550,93.97,346.55
17560,93.97,346.55
17570,93.97,346.55
17580,93.97,346.55
17590,93.97,346.55
17600,93.97,346.55
17610,93.97,346.55
17620,93.97,346.55
17630,93.97,346.55
17640,93.97,346.55
17650,93.97,346.55
17660,93.97,346.55
17670,93.97,346.55
17680,93.97,346.55
17690,93.97,346.55
17700,93.97,346.55
17710,93.97,346.55
17720,93.97,346.55
17730,93.97,346.55
17740,93.97,346.55
17750,93.97,346.55
17760,93.97,346.55
17770,93.97,346.55
17780,93.97,346.55
17790,93.97,346.55
17800,93.97,346.55
17810,93.97,346.55
17820,93.97,346.55
17830,93.97,346.55
17840,93.97,346.55
17850,93.97,346.55
17860,93.97,346.55
17870,93.97,346.55
17880,93.97,346.55
17890,93.97,346.55
17900,93.97,346.55
17910,93.97,346.55
17920,93.97,346.55
17930,93.97,346.55
17940,93.97,346.55
17950,93.97,346.55
17960,93.97,346.55
17970,93.97,346.55
17980,93.97,346.55
17990,93.97,346.55
18000,93.97,346.55
18010,93.97,346.55
18020,93.97,346.55
18030,93.97,346.55
18040,93.97,346.55
18050,93.97,346.55
18060,93.97,346.55
18070,93.97,346.55
18080,93.97,346.55
18090,93.97,346.55
18100,93.97,346.55
18110,93.97,346.55
18120,93.97,346.55
18130,93.97,346.55
18140,93.97,346.55
18150,93.97,346.55
18160,93.97,346.55
18170,93.97,346.55
18180,93.97,346.55
18190,93.97,346.55
18200,93.97,346.55
18210,93.97,346.55
18220,93.97,346.55
18230,93.97,346.55
18240,93.97,346.55
18250,93.97,346.55
18260,93.97,346.55
18270,93.97,346.55
18280,93.97,346.55
18290,93.97,346.55
18300,93.97,346.55
18310,93.97,346.55
18320,93.97,346.55
18330,93.97,346.55
18340,93.97,346.55
18350,93.97,346.55
18360,93.97,346.55
18370,93.97,346.55
18380,93.97,346.55
18390,93.97,346.55
18400,93.97,346.55
18410,93.97,346.55
18420,93.97,346.55
18430,93.97,346.55
18440,93.97,346.55
18450,93.97,346.55
18460,93.97,346.55
18470,93.97,346.55
18480,93.97,346.55
18490,93.97,346.55
18500,93.97,346.55
18510,93.97,346.55
18520,93.97,346.55
18530,93.97,346.55
18540,93.97,346.55
18550,93.97,346.55
18560,93.97,346.55
18570,93.97,346.55
18580,93.97,346.55
18590,93.97,346.55
18600,93.97,346.55
18610,93.97,346.55
18620,93.97,346.55
18630,93.97,346.55
18640,93.97,346.55
18650,93.97,346.55
18660,93.97,346.55
18670,93.97,346.55
18680,93.97,346.55
18690,93.97,346.55
18700,93.97,346.55
18710,93.97,346.55
18720,93.97,346.55
18730,93.97,346.55
18740,93.97,346.55
18750,93.97,346.55
18760,93.97,346.55
18770,93.97,346.55
18780,93.97,346.55
18790,93.97,346.55
18800,93.97,346.55
18810,93.97,346.55
18820,93.97,346.55
18830,93.97,346.55
18840,93.97,346.55
18850,93.97,346.55
18860,93.97,346.55
18870,93.97,346.55
18880,93.97,346.55
18890,93.97,346.55
18900,93.97,346.55
18910,93.97,346.55
18920,93.97,346.55
18930,93.97,346.55
18940,93.97,346.55
18950,93.97,346.55
18960,93.97,346.55
18970,93.97,346.55
18980,93.97,346.55
18990,93.97,346.55
19000,93.97,346.55
19010,93.97,346.55
19020,93.97,346.55
19030,93.97,346.55
19040,93.97,346.55
19050,93.97,346.55
19060,93.97,346.55
19070,93.97,346.55
19080,93.97,346.55
19090,93.97,346.55
19100,93.97,346.55
19110,93.97,346.55
19120,93.97,346.55
19130,93.97,346.55
19140,93.97,346.55
19150,93.97,346.55
19160,93.97,346.55
19170,93.97,346.55
19180,93.97,346.55
19190,93.97,346.55
19200,93.97,346.55
19210,93.97,346.55
19220,93.97,346.55
19230,93.97,346.55
19240,93.97,346.55
19250,93.97,346.55
19260,93.97,346.55
19270,93.97,346.55
19280,93.97,346.55
19290,93.97,346.55
19299.45,93.97,346.55
19300,93.97,346.55
19310,93.82,346.54
19320,93.67,346.54
19330,93.52,346.53
19340,93.37,346.53
19350,93.22,346.53
19360,93.07,346.52
19370,92.92,346.52
19380,92.77,346.51
19390,92.62,346.51
19400,92.47,346.5
19410,92.32,346.5
19411.07,92.3,346.5
19420,92.17,346.49
19430,92.02,346.48
19440,91.87,346.47
19450,91.72,346.46
19460,91.57,346.45
19470,91.42,346.44
19480,91.27,346.44
19490,91.12,346.43
19500,90.97,346.42
19510,90.82,346.41
19520,90.67,346.4
19530,90.52,346.39
19540,90.37,346.38
19547.18,90.26,346.37
19550,90.26,346.37
19560,90.26,346.37
19570,90.26,346.37
19580,90.26,346.37
19590,90.26,346.37
19600,90.26,346.37
19610,90.26,346.37
19620,90.26,346.37
19630,90.26,346.37
19640,90.26,346.37
19650,90.26,346.37
19660,90.26,346.37
19670,90.26,346.37
19680,90.26,346.37
19690,90.26,346.37
19700,90.26,346.37
19710,90.26,346.37
19720,90.26,346.37
19730,90.26,346.37
19740,90.26,346.37
19750,90.26,346.37
19760,90.26,346.37
19770,90.26,346.37
19780,90.26,346.37
19790,90.26,346.37
19800,90.26,346.37
19810,90.26,346.37
19820,90.26,346.37
19830,90.26,346.37
19840,90.26,346.37
19850,90.26,346.37
19860,90.26,346.37
19870,90.26,346.37
19880,90.26,346.37
19890,90.26,346.37
19900,90.26,346.37
19910,90.26,346.37
19920,90.26,346.37
19930,90.26,346.37
19940,90.26,346.37
19950,90.26,346.37
19960,90.26,346.37
19970,90.26,346.37
19980,90.26,346.37
19990,90.26,346.37
20000,90.26,346.37
20010,90.26,346.37
20020,90.26,346.37
20030,90.26,346.37
20040,90.26,346.37
20050,90.26,346.37
20060,90.26,346.37
20070,90.26,346.37
20080,90.26,346.37
20090,90.26,346.37
20100,90.26,346.37
20110,90.26,346.37
20120,90.26,346.37
20130,90.26,346.37
20140,90.26,346.37
20150,90.26,346.37
20160,90.26,346.37
20170,90.26,346.37
20180,90.26,346.37
20190,90.26,346.37
20200,90.26,346.37
20210,90.26,346.37
20220,90.26,346.37
20230,90.26,346.37
20240,90.26,346.37
20250,90.26,346.37
20260,90.26,346.37
20270,90.26,346.37
20280,90.26,346.37
20290,90.26,346.37
20300,90.26,346.37
20310,90.26,346.37
20320,90.26,346.37
20330,90.26,346.37
20340,90.26,346.37
20350,90.26,346.37
20360,90.26,346.37
20370,90.26,346.37
20380,90.26,346.37
20390,90.26,346.37
20400,90.26,346.37
20410,90.26,346.37
20420,90.26,346.37
20430,90.26,346.37
20440,90.26,346.37
20450,90.26,346.37
20460,90.26,346.37
20470,90.26,346.37
20480,90.26,346.37
20490,90.26,346.37
20500,90.26,346.37
20510,90.26,346.37
20520,90.26,346.37
20530,90.26,346.37
20540,90.26,346.37
20550,90.26,346.37
20560,90.26,346.37
20570,90.26,346.37
20580,90.26,346.37
20590,90.26,346.37
20600,90.26,346.37
20610,90.26,346.37
20620,90.26,346.37
20630,90.26,346.37
20640,90.26,346.37
20650,90.26,346.37
20660,90.26,346.37
20670,90.26,346.37
20680,90.26,346.37
20690,90.26,346.37
20700,90.26,346.37
20710,90.26,346.37
20720,90.26,346.37
20730,90.26,346.37
20740,90.26,346.37
20750,90.26,346.37
20760,90.26,346.37
20770,90.26,346.37
20780,90.26,346.37
20790,90.26,346.37
20800,90.26,346.37
20810,90.26,346.37
20820,90.26,346.37
20830,90.26,346.37
20840,90.26,346.37
20850,90.26,346.37
20860,90.26,346.37
20870,90.26,346.37
20880,90.26,346.37
20890,90.26,346.37
20900,90.26,346.37
20910,90.26,346.37
20920,90.26,346.37
20930,90.26,346.37
20940,90.26,346.37
20950,90.26,346.37
20960,90.26,346.37
20970,90.26,346.37
20980,90.26,346.37
20990,90.26,346.37
21000,90.26,346.37
21010,90.26,346.37
21020,90.26,346.37
21030,90.26,346.37
21040,90.26,346.37
21050,90.26,346.37
21060,90.26,346.37
21070,90.26,346.37
21080,90.26,346.37
21090,90.26,346.37
21100,90.26,346.37
21110,90.26,346.37
21120,90.26,346.37
21130,90.26,346.37
21140,90.26,346.37
21150,90.26,346.37
21160,90.26,346.37
21170,90.26,346.37
21180,90.26,346.37
21190,90.26,346.37
21200,90.26,346.37
21210,90.26,346.37
21220,90.26,346.37
21230,90.26,346.37
21240,90.26,346.37
21250,90.26,346.37
21260,90.26,346.37
21270,90.26,346.37
21280,90.26,346.37
21290,90.26,346.37
21300,90.26,346.37
21310,90.26,346.37
21320,90.26,346.37
21330,90.26,346.37
21340,90.26,346.37
21350,90.26,346.37
21360,90.26,346.37
21370,90.26,346.37
21380,90.26,346.37
21390,90.26,346.37
21400,90.26,346.37
21410,90.26,346.37
21420,90.26,346.37
21430,90.26,346.37
21440,90.26,346.37
21450,90.26,346.37
21460,90.26,346.37
21470,90.26,346.37
21480,90.26,346.37
21490,90.26,346.37
21500,90.26,346.37
21510,90.26,346.37
21520,90.26,346.37
21530,90.26,346.37
21540,90.26,346.37
21550,90.26,346.37
21560,90.26,346.37
21570,90.26,346.37
21580,90.26,346.37
21590,90.26,346.37
21600,90.26,346.37
21610,90.26,346.37
21620,90.26,346.37
21630,90.26,346.37
21640,90.26,346.37
21650,90.26,346.37
21660,90.26,346.37
21670,90.26,346.37
21680,90.26,346.37
21690,90.26,346.37
21700,90.26,346.37
21710,90.26,346.37
21720,90.26,346.37
21730,90.26,346.37
21740,90.26,346.37
21750,90.26,346.37
21760,90.26,346.37
21770,90.26,346.37
21780,90.26,346.37
21790,90.26,346.37
21800,90.26,346.37
21810,90.26,346.37
21820,90.26,346.37
21830,90.26,346.37
21840,90.26,346.37
21850,90.26,346.37
21860,90.26,346.37
21870,90.26,346.37
21880,90.26,346.37
21890,90.26,346.37
21900,90.26,346.37
21910,90.26,346.37
21920,90.26,346.37
21930,90.26,346.37
21940,90.26,346.37
21950,90.26,346.37
21960,90.26,346.37
21970,90.26,346.37
21980,90.26,346.37
21990,90.26,346.37
22000,90.26,346.37
22010,90.26,346.37
22020,90.26,346.37
22030,90.26,346.37
22040,90.26,346.37
22050,90.26,346.37
22060,90.26,346.37
22070,90.26,346.37
22080,90.26,346.37
22090,90.26,346.37
22100,90.26,346.37
22110,90.26,346.37
22120,90.26,346.37
22130,90.26,346.37
22140,90.26,346.37
22150,90.26,346.37
22160,90.26,346.37
22170,90.26,346.37
22180,90.26,346.37
22190,90.26,346.37
22200,90.26,346.37
22210,90.26,346.37
22220,90.26,346.37
22230,90.26,346.37
22240,90.26,346.37
22250,90.26,346.37
22260,90.26,346.37
22270,90.26,346.37
22280,90.26,346.37
22290,90.26,346.37
22300,90.26,346.37
22310,90.26,346.37
22320,90.26,346.37
22330,90.26,346.37
22340,90.26,346.37
22350,90.26,346.37
22360,90.26,346.37
22370,90.26,346.37
22380,90.26,346.37
22390,90.26,346.37
22400,90.26,346.37
22410,90.26,346.37
22420,90.26,346.37
22430,90.26,346.37
22440,90.26,346.37
22450,90.26,346.37
22460,90.26,346.37
22470,90.26,346.37
22480,90.26,346.37
22490,90.26,346.37
22500,90.26,346.37
22510,90.26,346.37
22520,90.26,346.37
22530,90.26,346.37
22540,90.26,346.37
22550,90.26,346.37
22560,90.26,346.37
22570,90.26,346.37
22580,90.26,346.37
22590,90.26,346.37
22600,90.26,346.37
22610,90.26,346.37
22620,90.26,346.37
22630,90.26,346.37
22640,90.26,346.37
22650,90.26,346.37
22660,90.26,346.37
22670,90.26,346.37
22680,90.26,346.37
22690,90.26,346.37
22700,90.26,346.37
22710,90.26,346.37
22720,90.26,346.37
22730,90.26,346.37
22740,90.26,346.37
22750,90.26,346.37
22754.98,90.26,346.37
22760,90.34,346.37
22770,90.49,346.37
22780,90.64,346.37
22790,90.79,346.37
22800,90.94,346.37
22810,91.09,346.37
22820,91.24,346.37
22830,91.39,346.37
22840,91.54,346.37
22850,91.69,346.37
22860,91.84,346.37
22870,91.99,346.37
22880,92.14,346.37
22890,92.29,346.37
22900,92.44,346.37
22910,92.59,346.37
22920,92.74,346.37
22930,92.89,346.37
22940,93.04,346.37
22950,93.19,346.37
22960,93.34,346.37
22970,93.49,346.37
22980,93.64,346.37
22990,93.79,346.37
23000,93.94,346.37
23004.15,94,346.37
23010,94.09,346.37
23020,94.24,346.37
23030,94.39,346.37
23040,94.54,346.37
23050,94.69,346.37
23060,94.84,346.37
23070,94.99,346.37
23080,95.14,346.37
23090,95.29,346.37
23100,95.44,346.37
23110,95.59,346.37
23120,95.74,346.37
23130,95.89,346.37
23140,96.04,346.37
23150,96.19,346.37
23160,96.34,346.37
23170,96.49,346.37
23180,96.64,346.37
23190,96.79,346.37
23200,96.94,346.37
23210,97.09,346.37
23220,97.24,346.37
23230,97.39,346.37
23233.16,97.44,346.37
23240,97.44,346.37
23250,97.44,346.37
23260,97.44,346.37
23270,97.44,346.37
23280,97.44,346.37
23290,97.44,346.37
23300,97.44,346.37
23310,97.44,346.37
23320,97.44,346.37
23330,97.44,346.37
23340,97.44,346.37
23350,97.44,346.37
23360,97.44,346.37
23370,97.44,346.37
23380,97.44,346.37
23390,97.44,346.37
23400,97.44,346.37
23410,97.44,346.37
23420,97.44,346.37
23430,97.44,346.37
23440,97.44,346.37
23450,97.44,346.37
23460,97.44,346.37
23470,97.44,346.37
23480,97.44,346.37
23490,97.44,346.37
23500,97.44,346.37
23510,97.44,346.37
23520,97.44,346.37
23530,97.44,346.37
23540,97.44,346.37
23550,97.44,346.37
23560,97.44,346.37
23570,97.44,346.37
23580,97.44,346.37
23590,97.44,346.37
23600,97.44,346.37
23610,97.44,346.37
23620,97.44,346.37
23630,97.44,346.37
23640,97.44,346.37
23650,97.44,346.37
23660,97.44,346.37
23670,97.44,346.37
23680,97.44,346.37
23690,97.44,346.37
23700,97.44,346.37
23710,97.44,346.37
23720,97.44,346.37
23730,97.44,346.37
23740,97.44,346.37
23750,97.44,346.37
23760,97.44,346.37
23770,97.44,346.37
23780,97.44,346.37
23790,97.44,346.37
23800,97.44,346.37
23810,97.44,346.37
23820,97.44,346.37
23830,97.44,346.37
23840,97.44,346.37
23850,97.44,346.37
23860,97.44,346.37
23870,97.44,346.37
23880,97.44,346.37
23890,97.44,346.37
23900,97.44,346.37
23910,97.44,346.37
23920,97.44,346.37
23930,97.44,346.37
23940,97.44,346.37
23950,97.44,346.37
23960,97.44,346.37
23970,97.44,346.37
23980,97.44,346.37
23990,97.44,346.37
24000,97.44,346.37
24010,97.44,346.37
24020,97.44,346.37
24030,97.44,346.37
24040,97.44,346.37
24050,97.44,346.37
24060,97.44,346.37
24070,97.44,346.37
24080,97.44,346.37
24090,97.44,346.37
24100,97.44,346.37
24110,97.44,346.37
24120,97.44,346.37
24130,97.44,346.37
24140,97.44,346.37
24150,97.44,346.37
24160,97.44,346.37
24170,97.44,346.37
24180,97.44,346.37
24190,97.44,346.37
24200,97.44,346.37
24210,97.44,346.37
24220,97.44,346.37
24230,97.44,346.37
24240,97.44,346.37
24250,97.44,346.37
24254.69,97.44,346.37
